{
  "generator-jhipster": {
    "applicationType": "monolith",
    "gitCompany": "",
    "baseName": "uyapEsatis",
    "packageName": "com.mycompany.esatis",
    "packageFolder": "com/mycompany/esatis",
    "serverPort": 8080,
    "serviceDiscoveryType": false,
    "authenticationType": "session",
    "uaaBaseName": "../uaa",
    "cacheProvider": "ehcache",
    "enableHibernateCache": true,
    "websocket": "spring-websocket",
    "databaseType": "sql",
    "devDatabaseType": "mysql",
    "prodDatabaseType": "mysql",
    "searchEngine": "elasticsearch",
    "enableSwaggerCodegen": false,
    "messageBroker": false,
    "buildTool": "maven",
    "useSass": true,
    "clientPackageManager": "npm",
    "testFrameworks": [],
    "enableTranslation": true,
    "nativeLanguage": "en",
    "languages": ["tr", "en"],
    "clientFramework": "angularX",
    "jhiPrefix": "jhi",
    "jhipsterVersion": "6.10.5",
    "rememberMeKey": "23ad0149e98e0dda29065e7fef46fcbb859c7b964a127c73785dd0fc2d6c57c5786a1a1654ed3d0f98a6cf6d92a6ec9143eb",
    "embeddableLaunchScript": false,
    "clientTheme": "none",
    "creationTimestamp": 1607033247574,
    "entitySuffix": "",
    "dtoSuffix": "DTO",
    "otherModules": [],
    "blueprints": [],
    "prettierJava": true
  }
}
